date,temp_high,temp_low,precipitation,snowfall,precip_hours
2023-01-01,52.7,40.5,0.043,0.0,3.0
2023-01-02,54.6,40.6,0.035,0.0,4.0
2023-01-03,55.5,44.8,0.461,0.0,9.0
2023-01-04,64.0,51.1,0.083,0.0,4.0
2023-01-05,55.5,44.8,0.0,0.0,0.0
2023-01-06,46.9,36.7,0.311,0.0,13.0
2023-01-07,46.6,32.6,0.0,0.0,0.0
2023-01-08,39.7,28.1,0.0,0.0,0.0
2023-01-09,44.7,33.3,0.067,0.22,5.0
2023-01-10,43.3,32.8,0.0,0.0,0.0
2023-01-11,38.1,29.5,0.0,0.0,0.0
2023-01-12,51.4,31.1,0.433,0.0,14.0
2023-01-13,55.0,37.3,0.079,0.0,11.0
2023-01-14,36.9,29.5,0.0,0.0,0.0
2023-01-15,40.6,28.5,0.0,0.0,0.0
2023-01-16,46.7,27.4,0.0,0.0,0.0
2023-01-17,45.0,28.0,0.035,0.0,2.0
2023-01-18,51.0,37.3,0.012,0.0,2.0
2023-01-19,41.6,37.0,0.681,0.0,16.0
2023-01-20,47.4,35.4,0.004,0.0,1.0
2023-01-21,42.9,27.3,0.004,0.0,1.0
2023-01-22,41.7,25.4,0.272,0.0,6.0
2023-01-23,37.3,32.4,0.587,0.276,19.0
2023-01-24,45.6,29.9,0.0,0.0,0.0
2023-01-25,52.4,27.6,0.811,0.551,11.0
2023-01-26,53.4,36.3,0.48,0.0,6.0
2023-01-27,43.0,29.3,0.0,0.0,0.0
2023-01-28,51.1,30.4,0.0,0.0,0.0
2023-01-29,50.5,31.9,0.0,0.0,0.0
2023-01-30,52.6,37.0,0.0,0.0,0.0
2023-01-31,43.7,31.3,0.098,0.165,8.0
2023-02-01,37.2,26.0,0.071,0.496,5.0
2023-02-02,39.0,24.1,0.0,0.0,0.0
2023-02-03,32.6,11.2,0.0,0.0,0.0
2023-02-04,24.7,1.6,0.0,0.0,0.0
2023-02-05,47.9,23.5,0.0,0.0,0.0
2023-02-06,49.8,30.1,0.0,0.0,0.0
2023-02-07,38.4,24.2,0.122,0.165,3.0
2023-02-08,50.3,33.6,0.0,0.0,0.0
2023-02-09,51.3,28.0,0.0,0.0,0.0
2023-02-10,56.5,42.2,0.0,0.0,0.0
2023-02-11,44.1,31.5,0.0,0.0,0.0
2023-02-12,44.4,29.5,0.043,0.22,2.0
2023-02-13,55.1,35.9,0.008,0.0,2.0
2023-02-14,51.9,36.4,0.0,0.0,0.0
2023-02-15,62.0,37.9,0.0,0.0,0.0
2023-02-16,66.7,48.6,0.114,0.0,3.0
2023-02-17,59.6,29.9,0.272,0.055,9.0
2023-02-18,42.3,26.8,0.0,0.0,0.0
2023-02-19,46.6,31.4,0.059,0.0,1.0
2023-02-20,59.1,41.7,0.0,0.0,0.0
2023-02-21,46.1,34.6,0.213,0.0,8.0
2023-02-22,41.9,31.1,0.181,0.165,10.0
2023-02-23,45.0,36.4,0.028,0.0,2.0
2023-02-24,44.6,26.0,0.0,0.0,0.0
2023-02-25,31.9,21.7,0.031,0.22,6.0
2023-02-26,49.9,24.6,0.0,0.0,0.0
2023-02-27,41.1,27.6,0.189,1.295,5.0
2023-02-28,35.9,31.0,0.457,2.591,17.0
2023-03-01,42.6,27.5,0.106,0.579,3.0
2023-03-02,56.5,36.0,0.063,0.0,4.0
2023-03-03,45.4,29.0,0.154,0.0,5.0
2023-03-04,43.2,37.2,1.555,0.0,10.0
2023-03-05,53.5,31.4,0.0,0.0,0.0
2023-03-06,50.1,34.5,0.0,0.0,0.0
2023-03-07,45.1,32.7,0.087,0.606,6.0
2023-03-08,47.7,28.0,0.0,0.0,0.0
2023-03-09,50.7,30.9,0.0,0.0,0.0
2023-03-10,45.2,29.2,0.378,0.0,7.0
2023-03-11,44.6,34.8,0.425,0.524,13.0
2023-03-12,46.5,29.8,0.0,0.0,0.0
2023-03-13,42.6,37.8,0.717,0.0,24.0
2023-03-14,37.4,33.9,0.543,1.681,23.0
2023-03-15,44.4,33.0,0.0,0.0,0.0
2023-03-16,55.6,29.8,0.0,0.0,0.0
2023-03-17,56.6,36.9,0.0,0.0,0.0
2023-03-18,51.3,37.0,0.024,0.0,3.0
2023-03-19,38.5,27.1,0.0,0.0,0.0
2023-03-20,51.0,26.2,0.0,0.0,0.0
2023-03-21,59.8,31.3,0.0,0.0,0.0
2023-03-22,55.8,36.8,0.0,0.0,0.0
2023-03-23,58.4,41.5,0.15,0.0,3.0
2023-03-24,54.6,40.5,0.0,0.0,0.0
2023-03-25,44.3,37.8,0.476,0.0,12.0
2023-03-26,58.7,37.5,0.0,0.0,0.0
2023-03-27,58.5,36.0,0.138,0.0,5.0
2023-03-28,52.1,37.4,0.024,0.0,3.0
2023-03-29,52.2,32.0,0.0,0.0,0.0
2023-03-30,45.2,29.0,0.004,0.0,1.0
2023-03-31,49.5,31.8,0.0,0.0,0.0
2023-04-01,67.3,50.1,0.354,0.0,12.0
2023-04-02,49.6,35.8,0.0,0.0,0.0
2023-04-03,55.6,31.3,0.0,0.0,0.0
2023-04-04,66.4,41.9,0.0,0.0,0.0
2023-04-05,55.9,47.1,0.008,0.0,2.0
2023-04-06,77.5,49.8,0.102,0.0,5.0
2023-04-07,56.8,42.2,0.0,0.0,0.0
2023-04-08,51.5,34.7,0.0,0.0,0.0
2023-04-09,54.0,34.1,0.0,0.0,0.0
2023-04-10,64.0,36.1,0.0,0.0,0.0
2023-04-11,72.7,43.6,0.0,0.0,0.0
2023-04-12,80.9,60.3,0.0,0.0,0.0
2023-04-13,86.7,55.0,0.0,0.0,0.0
2023-04-14,84.7,58.0,0.0,0.0,0.0
2023-04-15,70.2,58.1,0.106,0.0,6.0
2023-04-16,69.7,54.0,0.0,0.0,0.0
2023-04-17,67.6,53.2,0.217,0.0,5.0
2023-04-18,56.9,43.9,0.012,0.0,2.0
2023-04-19,63.0,39.7,0.0,0.0,0.0
2023-04-20,61.5,42.1,0.0,0.0,0.0
2023-04-21,67.8,46.1,0.0,0.0,0.0
2023-04-22,67.6,49.2,0.661,0.0,8.0
2023-04-23,65.1,49.5,0.709,0.0,13.0
2023-04-24,60.9,42.9,0.0,0.0,0.0
2023-04-25,58.4,41.6,0.016,0.0,4.0
2023-04-26,57.0,42.8,0.059,0.0,3.0
2023-04-27,56.6,45.4,0.055,0.0,8.0
2023-04-28,55.7,43.7,0.244,0.0,8.0
2023-04-29,54.0,47.9,2.016,0.0,22.0
2023-04-30,59.2,50.6,0.988,0.0,16.0
2023-05-01,60.1,45.4,0.063,0.0,4.0
2023-05-02,55.8,47.2,0.059,0.0,6.0
2023-05-03,54.5,42.3,0.012,0.0,3.0
2023-05-04,57.7,43.2,0.067,0.0,11.0
2023-05-05,62.7,44.8,0.008,0.0,2.0
2023-05-06,69.5,44.6,0.0,0.0,0.0
2023-05-07,75.4,49.1,0.024,0.0,2.0
2023-05-08,74.5,54.7,0.004,0.0,1.0
2023-05-09,67.9,49.4,0.0,0.0,0.0
2023-05-10,70.3,44.8,0.0,0.0,0.0
2023-05-11,77.9,48.3,0.0,0.0,0.0
2023-05-12,83.8,54.8,0.0,0.0,0.0
2023-05-13,80.6,61.1,0.0,0.0,0.0
2023-05-14,72.3,54.1,0.0,0.0,0.0
2023-05-15,76.6,48.9,0.0,0.0,0.0
2023-05-16,81.1,54.7,0.0,0.0,0.0
2023-05-17,63.0,49.0,0.0,0.0,0.0
2023-05-18,58.4,44.0,0.0,0.0,0.0
2023-05-19,67.6,50.7,0.0,0.0,0.0
2023-05-20,63.7,55.9,0.969,0.0,14.0
2023-05-21,70.9,55.1,0.016,0.0,2.0
2023-05-22,72.8,53.8,0.008,0.0,2.0
2023-05-23,67.6,51.9,0.0,0.0,0.0
2023-05-24,71.9,49.5,0.004,0.0,1.0
2023-05-25,66.2,49.9,0.0,0.0,0.0
2023-05-26,71.3,50.1,0.0,0.0,0.0
2023-05-27,75.7,50.5,0.0,0.0,0.0
2023-05-28,75.2,53.2,0.0,0.0,0.0
2023-05-29,77.4,56.9,0.0,0.0,0.0
2023-05-30,69.9,52.9,0.0,0.0,0.0
2023-05-31,73.8,51.3,0.0,0.0,0.0
2023-06-01,82.6,53.2,0.0,0.0,0.0
2023-06-02,88.2,58.0,0.0,0.0,0.0
2023-06-03,68.7,55.7,0.13,0.0,4.0
2023-06-04,70.2,50.5,0.0,0.0,0.0
2023-06-05,74.5,52.7,0.0,0.0,0.0
2023-06-06,78.4,58.1,0.02,0.0,2.0
2023-06-07,76.7,55.4,0.0,0.0,0.0
2023-06-08,71.6,50.4,0.0,0.0,0.0
2023-06-09,72.6,52.7,0.055,0.0,1.0
2023-06-10,79.0,53.9,0.079,0.0,2.0
2023-06-11,81.7,60.8,0.02,0.0,1.0
2023-06-12,76.3,66.7,0.24,0.0,8.0
2023-06-13,79.1,61.1,0.0,0.0,0.0
2023-06-14,75.6,58.2,0.366,0.0,7.0
2023-06-15,79.2,58.9,0.0,0.0,0.0
2023-06-16,78.5,58.7,0.602,0.0,7.0
2023-06-17,77.6,58.3,0.0,0.0,0.0
2023-06-18,79.4,60.3,0.0,0.0,0.0
2023-06-19,77.4,60.8,0.039,0.0,3.0
2023-06-20,76.3,61.4,0.0,0.0,0.0
2023-06-21,73.1,59.5,0.02,0.0,1.0
2023-06-22,69.3,59.7,0.012,0.0,3.0
2023-06-23,73.6,62.2,0.697,0.0,10.0
2023-06-24,78.8,66.8,0.744,0.0,18.0
2023-06-25,83.5,66.6,0.035,0.0,4.0
2023-06-26,79.1,66.4,0.492,0.0,8.0
2023-06-27,79.6,66.8,0.618,0.0,10.0
2023-06-28,82.7,65.7,0.055,0.0,6.0
2023-06-29,83.2,62.1,0.0,0.0,0.0
2023-06-30,84.0,63.0,0.0,0.0,0.0
2023-07-01,80.6,63.8,0.047,0.0,1.0
2023-07-02,87.9,68.4,0.858,0.0,19.0
2023-07-03,87.4,72.1,0.886,0.0,6.0
2023-07-04,84.3,70.5,0.177,0.0,12.0
2023-07-05,89.4,70.0,0.0,0.0,0.0
2023-07-06,87.8,70.9,0.0,0.0,0.0
2023-07-07,85.2,71.5,0.059,0.0,5.0
2023-07-08,84.8,71.8,0.169,0.0,10.0
2023-07-09,80.5,71.1,0.902,0.0,16.0
2023-07-10,83.0,69.3,0.071,0.0,4.0
2023-07-11,87.8,64.3,0.0,0.0,0.0
2023-07-12,90.8,68.0,0.0,0.0,0.0
2023-07-13,88.5,70.7,0.008,0.0,2.0
2023-07-14,81.1,70.1,0.638,0.0,11.0
2023-07-15,84.7,69.8,0.287,0.0,9.0
2023-07-16,78.4,69.9,1.142,0.0,21.0
2023-07-17,89.2,69.3,0.008,0.0,2.0
2023-07-18,84.9,70.2,0.437,0.0,7.0
2023-07-19,81.5,66.7,0.154,0.0,5.0
2023-07-20,83.8,68.4,0.043,0.0,3.0
2023-07-21,84.8,71.4,0.043,0.0,7.0
2023-07-22,83.1,65.2,0.0,0.0,0.0
2023-07-23,85.8,64.0,0.008,0.0,2.0
2023-07-24,83.9,65.8,0.004,0.0,1.0
2023-07-25,83.3,67.1,0.236,0.0,8.0
2023-07-26,85.9,63.9,0.008,0.0,2.0
2023-07-27,92.4,72.1,0.008,0.0,2.0
2023-07-28,93.2,71.2,0.0,0.0,0.0
2023-07-29,92.4,70.9,0.15,0.0,3.0
2023-07-30,78.7,63.6,0.0,0.0,0.0
2023-07-31,84.5,60.3,0.0,0.0,0.0
2023-08-01,80.1,62.5,0.0,0.0,0.0
2023-08-02,81.2,58.5,0.0,0.0,0.0
2023-08-03,79.4,61.0,0.051,0.0,5.0
2023-08-04,81.1,65.0,0.035,0.0,7.0
2023-08-05,86.4,64.3,0.004,0.0,1.0
2023-08-06,86.8,64.4,0.0,0.0,0.0
2023-08-07,81.1,71.5,1.508,0.0,17.0
2023-08-08,80.5,71.2,0.567,0.0,5.0
2023-08-09,84.7,67.7,0.004,0.0,1.0
2023-08-10,77.9,66.3,0.575,0.0,9.0
2023-08-11,83.5,64.9,0.004,0.0,1.0
2023-08-12,81.6,63.4,0.406,0.0,7.0
2023-08-13,86.2,70.5,0.102,0.0,8.0
2023-08-14,87.2,65.9,0.008,0.0,2.0
2023-08-15,79.7,69.4,1.075,0.0,8.0
2023-08-16,79.8,69.0,0.165,0.0,10.0
2023-08-17,77.9,68.6,0.142,0.0,12.0
2023-08-18,80.2,65.7,0.177,0.0,3.0
2023-08-19,79.0,60.4,0.0,0.0,0.0
2023-08-20,85.3,60.6,0.0,0.0,0.0
2023-08-21,87.3,66.2,0.012,0.0,3.0
2023-08-22,78.4,63.9,0.0,0.0,0.0
2023-08-23,78.1,61.1,0.0,0.0,0.0
2023-08-24,75.5,67.3,0.059,0.0,6.0
2023-08-25,81.9,69.5,0.276,0.0,9.0
2023-08-26,85.7,68.1,0.035,0.0,4.0
2023-08-27,82.1,64.9,0.004,0.0,1.0
2023-08-28,77.1,66.1,0.031,0.0,5.0
2023-08-29,80.9,64.6,0.024,0.0,4.0
2023-08-30,84.4,67.7,0.028,0.0,3.0
2023-08-31,76.4,62.5,0.0,0.0,0.0
2023-09-01,75.5,56.8,0.0,0.0,0.0
2023-09-02,80.6,55.4,0.0,0.0,0.0
2023-09-03,89.0,64.5,0.012,0.0,2.0
2023-09-04,91.3,66.9,0.0,0.0,0.0
2023-09-05,93.2,71.3,0.0,0.0,0.0
2023-09-06,94.2,72.9,0.0,0.0,0.0
2023-09-07,93.1,71.1,0.083,0.0,2.0
2023-09-08,87.5,68.7,0.516,0.0,6.0
2023-09-09,83.4,68.8,0.409,0.0,10.0
2023-09-10,75.7,67.5,0.815,0.0,11.0
2023-09-11,82.0,68.0,0.217,0.0,9.0
2023-09-12,83.0,66.5,0.008,0.0,2.0
2023-09-13,79.3,67.4,0.669,0.0,15.0
2023-09-14,76.7,61.6,0.0,0.0,0.0
2023-09-15,70.2,56.7,0.0,0.0,0.0
2023-09-16,75.6,59.9,0.0,0.0,0.0
2023-09-17,75.3,54.5,0.055,0.0,3.0
2023-09-18,70.1,61.2,0.594,0.0,15.0
2023-09-19,73.8,56.4,0.0,0.0,0.0
2023-09-20,74.0,54.1,0.0,0.0,0.0
2023-09-21,72.8,53.0,0.0,0.0,0.0
2023-09-22,71.2,55.8,0.0,0.0,0.0
2023-09-23,61.4,56.1,1.295,0.0,17.0
2023-09-24,66.1,60.7,0.598,0.0,21.0
2023-09-25,62.7,57.7,0.638,0.0,19.0
2023-09-26,62.9,54.1,0.335,0.0,12.0
2023-09-27,63.7,49.1,0.0,0.0,0.0
2023-09-28,64.8,51.1,0.004,0.0,1.0
2023-09-29,62.2,55.8,3.693,0.0,21.0
2023-09-30,71.0,55.2,0.051,0.0,3.0
2023-10-01,76.7,57.9,0.0,0.0,0.0
2023-10-02,76.9,58.7,0.0,0.0,0.0
2023-10-03,80.7,54.5,0.0,0.0,0.0
2023-10-04,81.6,59.2,0.0,0.0,0.0
2023-10-05,75.2,55.0,0.0,0.0,0.0
2023-10-06,72.1,63.5,0.248,0.0,14.0
2023-10-07,69.3,53.0,2.169,0.0,18.0
2023-10-08,62.1,49.2,0.0,0.0,0.0
2023-10-09,60.2,45.4,0.004,0.0,1.0
2023-10-10,64.0,47.1,0.0,0.0,0.0
2023-10-11,68.7,46.1,0.0,0.0,0.0
2023-10-12,69.1,46.0,0.0,0.0,0.0
2023-10-13,63.4,47.9,0.0,0.0,0.0
2023-10-14,52.5,49.6,0.508,0.0,15.0
2023-10-15,61.6,48.5,0.031,0.0,4.0
2023-10-16,63.8,45.7,0.012,0.0,1.0
2023-10-17,62.4,47.1,0.008,0.0,2.0
2023-10-18,62.8,45.1,0.004,0.0,1.0
2023-10-19,64.4,44.5,0.0,0.0,0.0
2023-10-20,62.4,55.1,1.366,0.0,19.0
2023-10-21,63.4,54.6,0.22,0.0,10.0
2023-10-22,56.2,47.4,0.0,0.0,0.0
2023-10-23,61.2,45.2,0.0,0.0,0.0
2023-10-24,63.6,40.3,0.0,0.0,0.0
2023-10-25,71.2,46.6,0.0,0.0,0.0
2023-10-26,78.5,49.7,0.0,0.0,0.0
2023-10-27,76.5,55.3,0.0,0.0,0.0
2023-10-28,80.1,61.1,0.0,0.0,0.0
2023-10-29,58.9,50.4,1.37,0.0,14.0
2023-10-30,65.1,50.5,0.091,0.0,9.0
2023-10-31,51.3,43.2,0.008,0.0,2.0
2023-11-01,49.2,37.3,0.11,0.0,12.0
2023-11-02,49.4,32.8,0.0,0.0,0.0
2023-11-03,55.3,34.0,0.0,0.0,0.0
2023-11-04,58.8,39.4,0.0,0.0,0.0
2023-11-05,62.6,40.7,0.0,0.0,0.0
2023-11-06,53.8,39.3,0.0,0.0,0.0
2023-11-07,68.3,51.1,0.15,0.0,3.0
2023-11-08,50.2,40.0,0.0,0.0,0.0
2023-11-09,58.8,37.8,0.008,0.0,1.0
2023-11-10,51.2,42.3,0.008,0.0,2.0
2023-11-11,53.5,37.9,0.0,0.0,0.0
2023-11-12,44.9,31.8,0.0,0.0,0.0
2023-11-13,47.7,29.0,0.0,0.0,0.0
2023-11-14,51.5,36.6,0.0,0.0,0.0
2023-11-15,51.0,31.4,0.0,0.0,0.0
2023-11-16,63.8,37.8,0.0,0.0,0.0
2023-11-17,66.2,41.5,0.0,0.0,0.0
2023-11-18,55.5,37.8,0.063,0.0,7.0
2023-11-19,54.0,35.0,0.0,0.0,0.0
2023-11-20,44.5,31.2,0.0,0.0,0.0
2023-11-21,47.7,29.7,0.413,0.0,9.0
2023-11-22,57.4,46.8,1.016,0.0,8.0
2023-11-23,51.8,41.5,0.0,0.0,0.0
2023-11-24,49.2,31.2,0.0,0.0,0.0
2023-11-25,39.3,26.6,0.0,0.0,0.0
2023-11-26,53.2,27.5,0.335,0.0,8.0
2023-11-27,55.2,36.1,0.055,0.0,3.0
2023-11-28,38.4,29.3,0.0,0.0,0.0
2023-11-29,36.5,24.8,0.0,0.0,0.0
2023-11-30,48.8,27.8,0.0,0.0,0.0
2023-12-01,45.9,33.4,0.201,0.0,8.0
2023-12-02,61.3,42.3,0.0,0.0,0.0
2023-12-03,49.9,43.8,0.626,0.0,21.0
2023-12-04,51.3,40.0,0.0,0.0,0.0
2023-12-05,43.9,35.2,0.0,0.0,0.0
2023-12-06,40.9,28.7,0.004,0.0,1.0
2023-12-07,38.1,27.0,0.0,0.0,0.0
2023-12-08,48.5,29.0,0.0,0.0,0.0
2023-12-09,56.3,33.7,0.0,0.0,0.0
2023-12-10,61.8,42.7,1.469,0.0,14.0
2023-12-11,46.6,36.1,0.776,0.0,11.0
2023-12-12,42.9,28.6,0.0,0.0,0.0
2023-12-13,45.0,31.7,0.0,0.0,0.0
2023-12-14,40.2,27.4,0.0,0.0,0.0
2023-12-15,54.9,31.8,0.0,0.0,0.0
2023-12-16,52.7,39.7,0.0,0.0,0.0
2023-12-17,55.8,41.5,0.921,0.0,12.0
2023-12-18,60.2,40.6,3.094,0.0,16.0
2023-12-19,42.6,29.6,0.0,0.0,0.0
2023-12-20,45.5,26.4,0.0,0.0,0.0
2023-12-21,39.3,26.0,0.0,0.0,0.0
2023-12-22,37.0,22.4,0.0,0.0,0.0
2023-12-23,42.0,26.4,0.024,0.0,3.0
2023-12-24,46.9,35.5,0.0,0.0,0.0
2023-12-25,51.6,35.3,0.0,0.0,0.0
2023-12-26,45.4,37.1,0.0,0.0,0.0
2023-12-27,47.2,41.4,0.24,0.0,16.0
2023-12-28,52.8,47.8,1.606,0.0,20.0
2023-12-29,55.5,45.8,0.012,0.0,3.0
2023-12-30,46.4,34.9,0.004,0.0,1.0
2023-12-31,43.4,29.8,0.0,0.0,0.0
2024-01-01,45.4,31.2,0.004,0.0,1.0
2024-01-02,42.1,24.3,0.0,0.0,0.0
2024-01-03,46.4,29.3,0.0,0.0,0.0
2024-01-04,44.0,26.6,0.012,0.055,3.0
2024-01-05,37.4,23.1,0.0,0.0,0.0
2024-01-06,36.9,23.5,0.575,2.839,9.0
2024-01-07,37.5,31.9,0.268,0.579,13.0
2024-01-08,43.1,25.3,0.0,0.0,0.0
2024-01-09,55.9,24.3,1.571,0.0,13.0
2024-01-10,56.8,40.5,0.827,0.0,5.0
2024-01-11,46.1,32.4,0.004,0.0,1.0
2024-01-12,46.7,29.3,0.098,0.0,3.0
2024-01-13,58.0,34.2,0.768,0.0,10.0
2024-01-14,42.6,24.6,0.031,0.193,4.0
2024-01-15,30.5,21.6,0.043,0.303,4.0
2024-01-16,30.6,20.8,0.358,1.488,18.0
2024-01-17,24.4,16.2,0.0,0.0,0.0
2024-01-18,32.3,20.0,0.02,0.138,5.0
2024-01-19,30.5,24.3,0.098,0.689,14.0
2024-01-20,25.7,17.5,0.0,0.0,0.0
2024-01-21,29.8,18.4,0.0,0.0,0.0
2024-01-22,38.6,20.1,0.0,0.0,0.0
2024-01-23,39.6,30.3,0.087,0.0,4.0
2024-01-24,41.8,32.3,0.13,0.0,18.0
2024-01-25,51.0,44.2,0.24,0.0,16.0
2024-01-26,46.3,37.6,0.157,0.0,12.0
2024-01-27,47.0,36.7,0.0,0.0,0.0
2024-01-28,38.8,36.0,0.831,0.0,23.0
2024-01-29,42.1,31.2,0.024,0.0,5.0
2024-01-30,39.5,25.1,0.0,0.0,0.0
2024-01-31,39.7,29.0,0.004,0.028,1.0
2024-02-01,47.7,26.7,0.024,0.0,2.0
2024-02-02,42.8,34.2,0.236,0.0,15.0
2024-02-03,42.3,26.3,0.0,0.0,0.0
2024-02-04,45.6,25.5,0.0,0.0,0.0
2024-02-05,44.2,26.4,0.0,0.0,0.0
2024-02-06,41.9,23.4,0.0,0.0,0.0
2024-02-07,46.5,25.8,0.0,0.0,0.0
2024-02-08,49.8,26.1,0.0,0.0,0.0
2024-02-09,52.1,34.9,0.0,0.0,0.0
2024-02-10,60.3,36.4,0.008,0.0,1.0
2024-02-11,48.0,38.6,0.0,0.0,0.0
2024-02-12,48.6,28.9,0.0,0.0,0.0
2024-02-13,38.8,29.4,1.028,7.138,14.0
2024-02-14,32.5,25.1,0.0,0.0,0.0
2024-02-15,35.0,22.5,0.016,0.11,1.0
2024-02-16,37.9,26.2,0.004,0.028,1.0
2024-02-17,35.9,23.5,0.22,1.543,13.0
2024-02-18,38.5,20.6,0.0,0.0,0.0
2024-02-19,38.9,25.6,0.0,0.0,0.0
2024-02-20,36.6,20.7,0.0,0.0,0.0
2024-02-21,40.4,21.8,0.0,0.0,0.0
2024-02-22,44.0,23.5,0.024,0.0,4.0
2024-02-23,45.7,34.2,0.134,0.0,9.0
2024-02-24,42.0,24.9,0.0,0.0,0.0
2024-02-25,39.7,19.3,0.0,0.0,0.0
2024-02-26,52.4,28.2,0.051,0.22,3.0
2024-02-27,56.8,31.2,0.154,0.0,5.0
2024-02-28,62.5,43.1,0.72,0.0,20.0
2024-02-29,39.8,27.0,0.0,0.0,0.0
2024-03-01,42.7,23.4,0.0,0.0,0.0
2024-03-02,50.5,35.9,1.106,0.0,15.0
2024-03-03,65.3,43.2,0.0,0.0,0.0
2024-03-04,58.0,38.9,0.0,0.0,0.0
2024-03-05,46.5,41.1,0.839,0.0,16.0
2024-03-06,49.7,39.6,1.256,0.0,11.0
2024-03-07,54.5,40.8,0.15,0.0,8.0
2024-03-08,54.5,33.3,0.0,0.0,0.0
2024-03-09,46.3,38.5,1.854,0.0,11.0
2024-03-10,51.3,35.4,0.13,0.0,7.0
2024-03-11,49.4,34.0,0.0,0.0,0.0
2024-03-12,62.9,36.9,0.0,0.0,0.0
2024-03-13,60.0,36.3,0.0,0.0,0.0
2024-03-14,69.7,39.2,0.0,0.0,0.0
2024-03-15,69.8,45.7,0.0,0.0,0.0
2024-03-16,57.5,40.5,0.0,0.0,0.0
2024-03-17,59.6,45.0,0.028,0.0,2.0
2024-03-18,47.9,35.7,0.0,0.0,0.0
2024-03-19,45.0,32.8,0.02,0.028,3.0
2024-03-20,51.8,32.4,0.051,0.0,3.0
2024-03-21,41.4,25.5,0.0,0.0,0.0
2024-03-22,42.4,23.8,0.0,0.0,0.0
2024-03-23,48.7,32.7,2.583,0.0,17.0
2024-03-24,47.0,27.8,0.0,0.0,0.0
2024-03-25,50.5,29.5,0.0,0.0,0.0
2024-03-26,49.9,32.3,0.0,0.0,0.0
2024-03-27,50.6,40.3,0.012,0.0,1.0
2024-03-28,50.8,41.9,0.831,0.0,24.0
2024-03-29,54.5,38.3,0.004,0.0,1.0
2024-03-30,57.8,36.6,0.0,0.0,0.0
2024-03-31,60.1,40.0,0.008,0.0,1.0
2024-04-01,53.0,42.1,0.106,0.0,7.0
2024-04-02,47.2,42.8,0.693,0.0,17.0
2024-04-03,43.7,39.3,1.035,0.0,21.0
2024-04-04,47.8,35.5,0.244,0.0,9.0
2024-04-05,48.7,34.6,0.0,0.0,0.0
2024-04-06,52.2,38.0,0.008,0.0,2.0
2024-04-07,57.2,35.2,0.004,0.0,1.0
2024-04-08,63.8,35.1,0.0,0.0,0.0
2024-04-09,74.5,41.5,0.0,0.0,0.0
2024-04-10,60.9,47.1,0.051,0.0,2.0
2024-04-11,63.0,48.1,0.72,0.0,12.0
2024-04-12,66.5,53.9,0.76,0.0,11.0
2024-04-13,52.6,45.8,0.083,0.0,8.0
2024-04-14,71.0,43.2,0.051,0.0,2.0
2024-04-15,74.9,51.7,0.0,0.0,0.0
2024-04-16,68.4,45.5,0.0,0.0,0.0
2024-04-17,61.2,45.5,0.118,0.0,7.0
2024-04-18,48.5,42.3,0.075,0.0,13.0
2024-04-19,56.5,39.4,0.0,0.0,0.0
2024-04-20,67.4,44.7,0.067,0.0,6.0
2024-04-21,52.9,37.0,0.0,0.0,0.0
2024-04-22,58.4,36.8,0.0,0.0,0.0
2024-04-23,58.9,35.9,0.0,0.0,0.0
2024-04-24,68.8,47.3,0.059,0.0,2.0
2024-04-25,54.9,37.5,0.0,0.0,0.0
2024-04-26,58.8,35.5,0.0,0.0,0.0
2024-04-27,58.1,36.8,0.012,0.0,1.0
2024-04-28,73.0,48.3,0.02,0.0,2.0
2024-04-29,82.7,56.0,0.299,0.0,6.0
2024-04-30,71.4,51.0,0.106,0.0,2.0
2024-05-01,76.3,50.4,0.039,0.0,2.0
2024-05-02,81.9,50.4,0.016,0.0,2.0
2024-05-03,63.1,49.1,0.0,0.0,0.0
2024-05-04,63.7,46.4,0.0,0.0,0.0
2024-05-05,53.3,48.3,0.402,0.0,16.0
2024-05-06,72.3,53.0,0.031,0.0,7.0
2024-05-07,78.3,53.6,0.0,0.0,0.0
2024-05-08,86.6,60.8,0.031,0.0,4.0
2024-05-09,68.9,57.4,0.0,0.0,0.0
2024-05-10,55.0,48.6,0.425,0.0,17.0
2024-05-11,61.9,45.1,0.0,0.0,0.0
2024-05-12,56.3,47.6,0.28,0.0,11.0
2024-05-13,67.6,43.6,0.0,0.0,0.0
2024-05-14,72.0,49.7,0.177,0.0,7.0
2024-05-15,66.0,56.6,0.291,0.0,23.0
2024-05-16,65.6,57.7,0.157,0.0,21.0
2024-05-17,72.5,53.3,0.0,0.0,0.0
2024-05-18,72.3,55.8,0.071,0.0,7.0
2024-05-19,73.8,54.3,0.004,0.0,1.0
2024-05-20,76.6,52.0,0.0,0.0,0.0
2024-05-21,81.1,54.7,0.0,0.0,0.0
2024-05-22,83.5,60.4,0.0,0.0,0.0
2024-05-23,81.2,66.4,0.087,0.0,4.0
2024-05-24,83.5,61.1,0.0,0.0,0.0
2024-05-25,79.3,58.2,0.0,0.0,0.0
2024-05-26,79.4,60.1,0.008,0.0,2.0
2024-05-27,72.2,62.7,1.551,0.0,17.0
2024-05-28,80.2,62.5,0.0,0.0,0.0
2024-05-29,76.2,57.3,0.551,0.0,7.0
2024-05-30,70.6,57.1,0.059,0.0,4.0
2024-05-31,75.7,55.4,0.0,0.0,0.0
2024-06-01,81.9,57.1,0.0,0.0,0.0
2024-06-02,81.5,58.8,0.0,0.0,0.0
2024-06-03,85.3,63.8,0.0,0.0,0.0
2024-06-04,78.8,61.2,0.0,0.0,0.0
2024-06-05,79.8,59.2,0.591,0.0,7.0
2024-06-06,82.0,66.9,1.323,0.0,15.0
2024-06-07,83.2,63.6,0.016,0.0,1.0
2024-06-08,77.3,60.5,0.0,0.0,0.0
2024-06-09,77.0,59.5,0.0,0.0,0.0
2024-06-10,75.6,58.5,0.0,0.0,0.0
2024-06-11,73.8,57.4,0.004,0.0,1.0
2024-06-12,77.4,58.3,0.0,0.0,0.0
2024-06-13,84.4,57.1,0.0,0.0,0.0
2024-06-14,85.0,66.8,0.913,0.0,8.0
2024-06-15,80.7,62.5,0.0,0.0,0.0
2024-06-16,75.8,57.7,0.0,0.0,0.0
2024-06-17,85.6,61.5,0.0,0.0,0.0
2024-06-18,86.0,68.8,0.0,0.0,0.0
2024-06-19,88.2,68.2,0.0,0.0,0.0
2024-06-20,92.2,68.2,0.0,0.0,0.0
2024-06-21,95.4,73.0,0.15,0.0,2.0
2024-06-22,93.1,71.5,0.114,0.0,4.0
2024-06-23,95.9,72.9,0.016,0.0,3.0
2024-06-24,79.9,71.5,0.0,0.0,0.0
2024-06-25,92.1,68.4,0.0,0.0,0.0
2024-06-26,95.4,73.7,0.02,0.0,2.0
2024-06-27,86.2,68.2,0.35,0.0,5.0
2024-06-28,78.2,59.9,0.0,0.0,0.0
2024-06-29,79.9,64.2,0.067,0.0,7.0
2024-06-30,91.8,67.4,1.264,0.0,9.0
2024-07-01,79.4,61.9,0.008,0.0,2.0
2024-07-02,82.8,61.5,0.0,0.0,0.0
2024-07-03,81.9,63.2,0.0,0.0,0.0
2024-07-04,86.5,66.8,0.154,0.0,5.0
2024-07-05,89.7,71.5,0.157,0.0,5.0
2024-07-06,90.7,72.8,0.035,0.0,5.0
2024-07-07,90.1,73.8,0.035,0.0,4.0
2024-07-08,90.9,74.1,0.0,0.0,0.0
2024-07-09,88.8,72.3,0.004,0.0,1.0
2024-07-10,88.9,76.5,0.059,0.0,3.0
2024-07-11,93.6,73.9,0.189,0.0,4.0
2024-07-12,84.7,71.0,0.669,0.0,11.0
2024-07-13,86.6,71.4,1.224,0.0,11.0
2024-07-14,88.3,71.1,0.039,0.0,3.0
2024-07-15,94.3,73.9,0.02,0.0,3.0
2024-07-16,93.4,73.3,0.031,0.0,3.0
2024-07-17,89.2,73.5,1.441,0.0,7.0
2024-07-18,86.4,70.7,0.012,0.0,1.0
2024-07-19,82.9,64.2,0.0,0.0,0.0
2024-07-20,82.8,64.0,0.035,0.0,1.0
2024-07-21,88.0,67.3,0.0,0.0,0.0
2024-07-22,82.4,70.0,0.173,0.0,6.0
2024-07-23,84.0,70.1,0.098,0.0,15.0
2024-07-24,84.7,70.1,0.394,0.0,5.0
2024-07-25,86.3,68.6,0.0,0.0,0.0
2024-07-26,83.9,64.8,0.0,0.0,0.0
2024-07-27,85.6,63.7,0.0,0.0,0.0
2024-07-28,88.0,64.9,0.0,0.0,0.0
2024-07-29,84.1,71.0,0.161,0.0,3.0
2024-07-30,88.2,70.7,0.0,0.0,0.0
2024-07-31,89.2,73.7,0.531,0.0,13.0
2024-08-01,94.3,69.0,0.0,0.0,0.0
2024-08-02,91.7,74.0,0.157,0.0,7.0
2024-08-03,91.8,74.6,0.449,0.0,10.0
2024-08-04,82.9,73.8,0.189,0.0,9.0
2024-08-05,89.3,70.0,0.0,0.0,0.0
2024-08-06,89.6,71.2,1.461,0.0,14.0
2024-08-07,72.0,65.7,0.862,0.0,13.0
2024-08-08,73.3,65.5,0.394,0.0,14.0
2024-08-09,82.8,71.6,0.949,0.0,24.0
2024-08-10,84.5,71.1,0.043,0.0,1.0
2024-08-11,81.9,65.5,0.0,0.0,0.0
2024-08-12,79.0,61.9,0.016,0.0,3.0
2024-08-13,81.0,62.0,0.0,0.0,0.0
2024-08-14,82.8,64.3,0.0,0.0,0.0
2024-08-15,85.9,63.6,0.0,0.0,0.0
2024-08-16,86.0,65.8,0.0,0.0,0.0
2024-08-17,79.5,69.5,0.35,0.0,5.0
2024-08-18,78.0,68.6,1.079,0.0,21.0
2024-08-19,82.8,66.3,0.402,0.0,15.0
2024-08-20,72.2,60.5,0.0,0.0,0.0
2024-08-21,72.7,55.8,0.0,0.0,0.0
2024-08-22,75.8,55.8,0.0,0.0,0.0
2024-08-23,80.7,56.1,0.0,0.0,0.0
2024-08-24,84.3,59.1,0.0,0.0,0.0
2024-08-25,85.8,62.2,0.008,0.0,2.0
2024-08-26,86.3,65.3,0.016,0.0,3.0
2024-08-27,86.4,64.5,0.0,0.0,0.0
2024-08-28,92.0,70.8,0.0,0.0,0.0
2024-08-29,78.5,67.6,0.268,0.0,6.0
2024-08-30,75.7,64.6,0.264,0.0,3.0
2024-08-31,77.8,63.1,0.031,0.0,5.0
2024-09-01,83.4,69.5,0.059,0.0,8.0
2024-09-02,78.3,61.3,0.0,0.0,0.0
2024-09-03,72.7,54.2,0.0,0.0,0.0
2024-09-04,77.0,54.8,0.0,0.0,0.0
2024-09-05,77.4,55.1,0.0,0.0,0.0
2024-09-06,79.7,57.9,0.0,0.0,0.0
2024-09-07,75.3,57.2,0.205,0.0,15.0
2024-09-08,71.0,52.6,0.0,0.0,0.0
2024-09-09,76.0,52.3,0.0,0.0,0.0
2024-09-10,78.1,57.6,0.0,0.0,0.0
2024-09-11,77.6,54.1,0.0,0.0,0.0
2024-09-12,79.0,57.9,0.0,0.0,0.0
2024-09-13,81.3,56.6,0.0,0.0,0.0
2024-09-14,83.8,58.7,0.0,0.0,0.0
2024-09-15,81.6,58.8,0.0,0.0,0.0
2024-09-16,77.6,56.1,0.0,0.0,0.0
2024-09-17,80.3,57.8,0.0,0.0,0.0
2024-09-18,74.3,64.2,0.008,0.0,1.0
2024-09-19,84.7,61.1,0.0,0.0,0.0
2024-09-20,81.1,63.0,0.0,0.0,0.0
2024-09-21,79.5,59.5,0.0,0.0,0.0
2024-09-22,76.2,56.3,0.0,0.0,0.0
2024-09-23,68.7,55.9,0.012,0.0,2.0
2024-09-24,67.3,56.2,0.008,0.0,2.0
2024-09-25,68.8,60.3,0.035,0.0,2.0
2024-09-26,73.8,62.1,0.173,0.0,9.0
2024-09-27,71.8,65.5,0.031,0.0,4.0
2024-09-28,67.9,61.2,0.299,0.0,15.0
2024-09-29,64.6,61.8,0.098,0.0,11.0
2024-09-30,71.9,57.8,0.0,0.0,0.0
2024-10-01,70.2,58.2,0.004,0.0,1.0
2024-10-02,69.0,55.8,0.008,0.0,2.0
2024-10-03,72.2,58.5,0.004,0.0,1.0
2024-10-04,74.4,53.6,0.008,0.0,1.0
2024-10-05,74.6,56.1,0.012,0.0,1.0
2024-10-06,71.6,50.6,0.0,0.0,0.0
2024-10-07,73.7,58.0,0.244,0.0,7.0
2024-10-08,68.7,51.3,0.0,0.0,0.0
2024-10-09,66.8,48.7,0.0,0.0,0.0
2024-10-10,64.0,46.0,0.0,0.0,0.0
2024-10-11,69.3,44.7,0.0,0.0,0.0
2024-10-12,72.6,52.7,0.0,0.0,0.0
2024-10-13,73.4,49.6,0.0,0.0,0.0
2024-10-14,66.0,46.3,0.004,0.0,1.0
2024-10-15,57.8,41.9,0.004,0.0,1.0
2024-10-16,59.3,42.3,0.0,0.0,0.0
2024-10-17,58.6,39.4,0.0,0.0,0.0
2024-10-18,66.2,44.7,0.0,0.0,0.0
2024-10-19,70.3,45.8,0.0,0.0,0.0
2024-10-20,74.8,43.3,0.0,0.0,0.0
2024-10-21,80.8,47.1,0.0,0.0,0.0
2024-10-22,81.1,55.0,0.0,0.0,0.0
2024-10-23,76.7,52.5,0.0,0.0,0.0
2024-10-24,68.4,50.9,0.004,0.0,1.0
2024-10-25,64.2,43.9,0.0,0.0,0.0
2024-10-26,63.9,50.0,0.0,0.0,0.0
2024-10-27,57.9,41.2,0.0,0.0,0.0
2024-10-28,61.0,37.5,0.0,0.0,0.0
2024-10-29,63.2,44.2,0.035,0.0,6.0
2024-10-30,78.3,52.3,0.0,0.0,0.0
2024-10-31,81.7,54.3,0.0,0.0,0.0
2024-11-01,78.6,56.8,0.02,0.0,2.0
2024-11-02,60.3,45.0,0.0,0.0,0.0
2024-11-03,55.3,38.8,0.0,0.0,0.0
2024-11-04,57.6,38.7,0.0,0.0,0.0
2024-11-05,72.2,48.9,0.0,0.0,0.0
2024-11-06,79.9,61.4,0.0,0.0,0.0
2024-11-07,72.4,52.2,0.0,0.0,0.0
2024-11-08,68.6,45.0,0.0,0.0,0.0
2024-11-09,55.0,40.1,0.0,0.0,0.0
2024-11-10,58.0,36.7,0.051,0.0,5.0
2024-11-11,69.1,52.5,0.114,0.0,5.0
2024-11-12,54.3,40.9,0.0,0.0,0.0
2024-11-13,48.6,34.5,0.0,0.0,0.0
2024-11-14,46.0,34.6,0.0,0.0,0.0
2024-11-15,58.7,38.2,0.0,0.0,0.0
2024-11-16,61.6,43.7,0.0,0.0,0.0
2024-11-17,64.6,44.1,0.0,0.0,0.0
2024-11-18,64.1,46.4,0.0,0.0,0.0
2024-11-19,58.4,43.5,0.0,0.0,0.0
2024-11-20,60.3,45.8,0.0,0.0,0.0
2024-11-21,53.2,36.9,1.732,0.055,21.0
2024-11-22,40.5,36.0,0.594,0.165,24.0
2024-11-23,47.8,36.6,0.028,0.0,5.0
2024-11-24,51.0,41.5,0.0,0.0,0.0
2024-11-25,51.3,37.3,0.0,0.0,0.0
2024-11-26,58.4,43.1,0.138,0.0,4.0
2024-11-27,50.5,37.0,0.0,0.0,0.0
2024-11-28,51.8,41.0,0.433,0.0,12.0
2024-11-29,45.9,33.9,0.016,0.0,2.0
2024-11-30,38.3,28.6,0.0,0.0,0.0
2024-12-01,37.0,25.7,0.0,0.0,0.0
2024-12-02,39.1,27.7,0.0,0.0,0.0
2024-12-03,41.2,28.9,0.0,0.0,0.0
2024-12-04,38.9,26.9,0.0,0.0,0.0
2024-12-05,40.2,31.9,0.126,0.331,10.0
2024-12-06,32.0,28.3,0.0,0.0,0.0
2024-12-07,40.5,27.4,0.004,0.028,1.0
2024-12-08,52.1,34.6,0.0,0.0,0.0
2024-12-09,50.4,34.2,0.272,0.0,6.0
2024-12-10,51.3,43.3,0.189,0.0,5.0
2024-12-11,60.5,41.2,1.398,0.0,23.0
2024-12-12,40.6,27.6,0.0,0.0,0.0
2024-12-13,32.3,25.3,0.0,0.0,0.0
2024-12-14,33.3,22.3,0.0,0.0,0.0
2024-12-15,37.4,23.9,0.008,0.0,2.0
2024-12-16,48.8,34.1,0.524,0.276,18.0
2024-12-17,58.2,44.6,0.091,0.0,4.0
2024-12-18,49.9,34.4,0.154,0.0,5.0
2024-12-19,43.4,33.6,0.051,0.0,3.0
2024-12-20,36.5,30.1,0.075,0.276,13.0
2024-12-21,32.4,19.6,0.15,1.047,9.0
2024-12-22,19.0,10.6,0.0,0.0,0.0
2024-12-23,25.4,6.2,0.0,0.0,0.0
2024-12-24,35.4,25.5,0.075,0.524,2.0
2024-12-25,32.0,22.1,0.0,0.0,0.0
2024-12-26,31.5,17.8,0.0,0.0,0.0
2024-12-27,36.6,15.6,0.0,0.0,0.0
2024-12-28,45.5,35.9,0.209,0.0,15.0
2024-12-29,59.8,40.2,0.098,0.0,8.0
2024-12-30,55.3,45.0,0.173,0.0,7.0
2024-12-31,49.5,34.9,0.319,0.0,4.0
2025-01-01,51.7,38.1,0.043,0.0,3.0
2025-01-02,41.6,32.5,0.0,0.0,0.0
2025-01-03,37.8,28.9,0.0,0.0,0.0
2025-01-04,31.8,27.0,0.0,0.0,0.0
2025-01-05,32.5,25.7,0.0,0.0,0.0
2025-01-06,29.3,21.4,0.063,0.441,7.0
2025-01-07,26.9,16.6,0.0,0.0,0.0
2025-01-08,27.7,20.1,0.0,0.0,0.0
2025-01-09,28.9,20.2,0.0,0.0,0.0
2025-01-10,37.9,25.4,0.0,0.0,0.0
2025-01-11,32.6,27.0,0.075,0.524,6.0
2025-01-12,40.3,29.1,0.0,0.0,0.0
2025-01-13,43.4,28.6,0.0,0.0,0.0
2025-01-14,32.5,25.4,0.0,0.0,0.0
2025-01-15,29.8,22.0,0.0,0.0,0.0
2025-01-16,30.7,22.2,0.016,0.11,4.0
2025-01-17,40.6,24.1,0.0,0.0,0.0
2025-01-18,43.6,30.6,0.087,0.0,5.0
2025-01-19,36.6,27.0,0.331,2.177,12.0
2025-01-20,25.2,12.6,0.008,0.055,2.0
2025-01-21,17.2,4.1,0.012,0.083,3.0
2025-01-22,17.1,2.7,0.0,0.0,0.0
2025-01-23,25.4,9.2,0.0,0.0,0.0
2025-01-24,30.4,15.9,0.0,0.0,0.0
2025-01-25,28.1,9.4,0.0,0.0,0.0
2025-01-26,39.3,22.7,0.0,0.0,0.0
2025-01-27,35.5,23.5,0.0,0.0,0.0
2025-01-28,39.4,26.5,0.0,0.0,0.0
2025-01-29,48.1,30.4,0.0,0.0,0.0
2025-01-30,33.6,20.8,0.0,0.0,0.0
2025-01-31,41.9,33.5,0.354,0.0,19.0
2025-02-01,40.9,20.7,0.039,0.0,4.0
2025-02-02,33.1,14.7,0.087,0.606,4.0
2025-02-03,42.3,26.6,0.0,0.0,0.0
2025-02-04,42.9,29.4,0.0,0.0,0.0
2025-02-05,35.0,25.9,0.0,0.0,0.0
2025-02-06,37.4,29.0,0.382,1.626,12.0
2025-02-07,40.5,27.2,0.0,0.0,0.0
2025-02-08,33.6,23.9,0.335,2.15,4.0
2025-02-09,34.2,28.9,0.157,0.413,8.0
2025-02-10,32.5,19.4,0.0,0.0,0.0
2025-02-11,31.3,14.8,0.071,0.496,6.0
2025-02-12,33.3,28.1,0.157,1.102,11.0
2025-02-13,42.4,32.5,0.236,0.0,11.0
2025-02-14,32.3,26.2,0.0,0.0,0.0
2025-02-15,34.7,24.9,0.315,0.937,10.0
2025-02-16,44.9,33.1,0.772,0.0,19.0
2025-02-17,31.9,25.8,0.0,0.0,0.0
2025-02-18,26.3,16.4,0.0,0.0,0.0
2025-02-19,29.8,15.4,0.0,0.0,0.0
2025-02-20,29.8,15.9,0.035,0.248,8.0
2025-02-21,31.1,20.8,0.0,0.0,0.0
2025-02-22,38.3,19.0,0.0,0.0,0.0
2025-02-23,46.0,29.1,0.0,0.0,0.0
2025-02-24,46.6,29.4,0.0,0.0,0.0
2025-02-25,54.3,38.4,0.0,0.0,0.0
2025-02-26,55.1,36.0,0.008,0.0,2.0
2025-02-27,53.3,39.4,0.075,0.0,7.0
2025-02-28,48.7,35.2,0.0,0.0,0.0
2025-03-01,59.9,26.3,0.0,0.0,0.0
2025-03-02,32.5,18.5,0.0,0.0,0.0
2025-03-03,38.1,22.1,0.0,0.0,0.0
2025-03-04,54.5,28.5,0.0,0.0,0.0
2025-03-05,54.2,42.1,1.626,0.0,10.0
2025-03-06,53.5,34.3,0.008,0.0,1.0
2025-03-07,45.9,30.6,0.0,0.0,0.0
2025-03-08,42.4,33.9,0.0,0.0,0.0
2025-03-09,50.3,28.1,0.0,0.0,0.0
2025-03-10,62.9,38.5,0.0,0.0,0.0
2025-03-11,60.9,37.2,0.0,0.0,0.0
2025-03-12,51.9,37.5,0.0,0.0,0.0
2025-03-13,51.0,35.4,0.0,0.0,0.0
2025-03-14,55.3,33.3,0.0,0.0,0.0
2025-03-15,48.9,39.2,0.02,0.0,3.0
2025-03-16,60.3,46.0,0.035,0.0,4.0
2025-03-17,58.4,36.9,1.039,0.0,10.0
2025-03-18,57.4,33.3,0.0,0.0,0.0
2025-03-19,58.5,37.0,0.0,0.0,0.0
2025-03-20,50.5,42.0,0.591,0.0,5.0
2025-03-21,48.6,36.5,0.15,0.0,5.0
2025-03-22,60.6,36.6,0.004,0.0,1.0
2025-03-23,46.5,27.6,0.0,0.0,0.0
2025-03-24,50.7,39.4,0.512,0.0,14.0
2025-03-25,57.4,40.7,0.0,0.0,0.0
2025-03-26,49.7,35.5,0.004,0.0,1.0
2025-03-27,49.5,31.3,0.0,0.0,0.0
2025-03-28,59.6,39.9,0.016,0.0,2.0
2025-03-29,78.4,42.9,0.189,0.0,6.0
2025-03-30,57.0,41.5,0.016,0.0,3.0
2025-03-31,74.8,46.3,1.496,0.0,13.0
2025-04-01,59.2,39.8,0.177,0.0,3.0
2025-04-02,47.3,32.2,0.0,0.0,0.0
2025-04-03,70.8,44.5,0.114,0.0,8.0
2025-04-04,68.7,54.4,0.272,0.0,6.0
2025-04-05,53.3,42.8,0.13,0.0,7.0
2025-04-06,59.1,43.0,0.173,0.0,7.0
2025-04-07,47.5,39.8,0.319,0.0,17.0
2025-04-08,43.4,34.2,0.0,0.0,0.0
2025-04-09,46.7,28.8,0.0,0.0,0.0
2025-04-10,48.9,35.3,0.028,0.0,6.0
2025-04-11,44.8,39.7,0.516,0.028,15.0
2025-04-12,42.2,35.1,0.583,0.606,18.0
2025-04-13,56.9,38.9,0.0,0.0,0.0
2025-04-14,61.1,41.8,0.0,0.0,0.0
2025-04-15,65.3,46.1,0.083,0.0,3.0
2025-04-16,49.7,41.7,0.0,0.0,0.0
2025-04-17,59.4,38.3,0.0,0.0,0.0
2025-04-18,64.0,39.6,0.004,0.0,1.0
2025-04-19,79.6,58.8,0.02,0.0,1.0
2025-04-20,68.6,49.4,0.0,0.0,0.0
2025-04-21,56.2,44.2,0.012,0.0,1.0
2025-04-22,78.4,51.1,0.004,0.0,1.0
2025-04-23,75.8,48.9,0.0,0.0,0.0
2025-04-24,79.8,52.5,0.0,0.0,0.0
2025-04-25,77.4,58.3,0.0,0.0,0.0
2025-04-26,70.5,52.8,0.563,0.0,18.0
2025-04-27,57.2,47.1,0.0,0.0,0.0
2025-04-28,72.4,47.9,0.0,0.0,0.0
2025-04-29,81.1,52.2,0.0,0.0,0.0
2025-04-30,72.9,59.5,0.0,0.0,0.0
2025-05-01,71.4,50.2,0.0,0.0,0.0
2025-05-02,86.1,57.3,0.083,0.0,2.0
2025-05-03,83.9,64.8,0.453,0.0,7.0
2025-05-04,69.6,59.8,0.445,0.0,13.0
2025-05-05,66.4,57.7,0.508,0.0,16.0
2025-05-06,65.7,57.3,0.72,0.0,7.0
2025-05-07,71.8,56.8,0.008,0.0,2.0
2025-05-08,73.9,55.9,0.055,0.0,6.0
2025-05-09,60.7,53.2,0.634,0.0,13.0
2025-05-10,68.6,50.3,0.0,0.0,0.0
2025-05-11,73.5,52.4,0.0,0.0,0.0
2025-05-12,68.7,51.5,0.0,0.0,0.0
2025-05-13,67.6,58.3,0.185,0.0,13.0
2025-05-14,67.4,58.0,1.004,0.0,16.0
2025-05-15,72.7,59.5,0.047,0.0,7.0
2025-05-16,73.4,59.6,0.02,0.0,2.0
2025-05-17,79.2,63.3,0.075,0.0,3.0
2025-05-18,72.8,58.7,0.012,0.0,3.0
2025-05-19,67.1,51.8,0.0,0.0,0.0
2025-05-20,64.1,47.3,0.0,0.0,0.0
2025-05-21,56.7,49.3,0.114,0.0,12.0
2025-05-22,54.5,48.0,0.909,0.0,18.0
2025-05-23,61.1,47.6,0.071,0.0,14.0
2025-05-24,62.2,47.5,0.016,0.0,2.0
2025-05-25,66.1,50.9,0.0,0.0,0.0
2025-05-26,70.5,50.5,0.0,0.0,0.0
2025-05-27,76.6,53.1,0.0,0.0,0.0
2025-05-28,66.6,54.0,0.433,0.0,11.0
2025-05-29,70.3,54.6,0.075,0.0,7.0
2025-05-30,73.7,60.7,0.307,0.0,9.0
2025-05-31,66.7,52.7,0.846,0.0,14.0
2025-06-01,65.3,49.6,0.0,0.0,0.0
2025-06-02,70.0,49.9,0.0,0.0,0.0
2025-06-03,79.2,52.2,0.0,0.0,0.0
2025-06-04,85.0,58.1,0.0,0.0,0.0
2025-06-05,94.1,67.9,0.0,0.0,0.0
2025-06-06,88.6,71.0,0.024,0.0,3.0
2025-06-07,80.0,67.3,0.264,0.0,11.0
2025-06-08,75.0,61.8,0.071,0.0,9.0
2025-06-09,69.4,59.4,0.209,0.0,11.0
2025-06-10,77.4,62.4,0.85,0.0,8.0
2025-06-11,82.4,62.2,0.0,0.0,0.0
2025-06-12,89.2,66.7,0.004,0.0,1.0
2025-06-13,85.3,67.0,0.0,0.0,0.0
2025-06-14,68.8,60.6,0.185,0.0,15.0
2025-06-15,66.8,58.8,0.217,0.0,7.0
2025-06-16,68.3,60.5,0.268,0.0,10.0
2025-06-17,70.5,62.6,0.374,0.0,12.0
2025-06-18,83.0,64.8,0.366,0.0,13.0
2025-06-19,88.1,71.3,0.358,0.0,7.0
2025-06-20,82.0,65.0,0.012,0.0,2.0
2025-06-21,89.7,67.6,0.0,0.0,0.0
2025-06-22,91.7,75.3,0.008,0.0,1.0
2025-06-23,102.5,78.7,0.0,0.0,0.0
2025-06-24,102.7,83.3,0.0,0.0,0.0
2025-06-25,99.1,82.3,0.016,0.0,4.0
2025-06-26,85.5,67.1,0.0,0.0,0.0
2025-06-27,72.8,63.9,0.055,0.0,2.0
2025-06-28,86.2,64.6,0.02,0.0,3.0
2025-06-29,88.6,73.8,0.0,0.0,0.0
2025-06-30,94.4,71.5,0.016,0.0,3.0
2025-07-01,90.1,74.6,0.453,0.0,14.0
2025-07-02,85.2,73.0,0.067,0.0,7.0
2025-07-03,87.5,70.1,0.039,0.0,3.0
2025-07-04,82.2,65.0,0.0,0.0,0.0
2025-07-05,90.0,65.8,0.0,0.0,0.0
2025-07-06,93.7,71.1,0.0,0.0,0.0
2025-07-07,88.9,75.6,0.181,0.0,11.0
2025-07-08,95.6,74.8,0.543,0.0,5.0
2025-07-09,88.5,73.4,0.106,0.0,3.0
2025-07-10,81.0,72.4,0.528,0.0,8.0
2025-07-11,84.3,71.2,0.031,0.0,3.0
2025-07-12,86.8,72.5,0.004,0.0,1.0
2025-07-13,84.8,72.3,0.004,0.0,1.0
2025-07-14,88.3,73.4,0.909,0.0,14.0
2025-07-15,84.7,73.0,0.071,0.0,7.0
2025-07-16,87.2,73.8,0.075,0.0,8.0
2025-07-17,91.4,74.8,0.307,0.0,5.0
2025-07-18,85.6,72.1,0.0,0.0,0.0
2025-07-19,83.9,70.5,0.0,0.0,0.0
2025-07-20,92.3,74.0,0.043,0.0,4.0
2025-07-21,88.2,70.3,0.0,0.0,0.0
2025-07-22,83.2,66.9,0.0,0.0,0.0
2025-07-23,84.2,68.4,0.0,0.0,0.0
2025-07-24,88.3,68.2,0.0,0.0,0.0
2025-07-25,97.1,76.3,0.165,0.0,4.0
2025-07-26,88.4,73.9,0.0,0.0,0.0
2025-07-27,87.3,72.2,0.217,0.0,10.0
2025-07-28,94.3,74.0,0.0,0.0,0.0
2025-07-29,101.2,76.9,0.0,0.0,0.0
2025-07-30,99.8,80.3,0.102,0.0,4.0
2025-07-31,87.7,66.6,0.402,0.0,16.0
2025-08-01,73.3,64.0,0.055,0.0,9.0
2025-08-02,77.7,62.4,0.0,0.0,0.0
2025-08-03,82.7,61.9,0.0,0.0,0.0
2025-08-04,92.0,63.3,0.0,0.0,0.0
2025-08-05,86.6,68.8,0.008,0.0,1.0
2025-08-06,83.6,69.2,0.035,0.0,6.0
2025-08-07,83.0,66.2,0.012,0.0,2.0
2025-08-08,83.1,63.2,0.0,0.0,0.0
2025-08-09,86.9,64.0,0.0,0.0,0.0
2025-08-10,92.6,66.0,0.0,0.0,0.0
2025-08-11,90.6,70.4,0.0,0.0,0.0
2025-08-12,92.9,71.0,0.0,0.0,0.0
2025-08-13,90.7,74.9,0.228,0.0,8.0
2025-08-14,87.7,72.9,0.087,0.0,3.0
2025-08-15,90.7,72.9,0.0,0.0,0.0
2025-08-16,87.4,73.3,0.13,0.0,4.0
2025-08-17,95.6,71.9,0.138,0.0,5.0
2025-08-18,74.4,65.2,0.0,0.0,0.0
2025-08-19,76.2,63.6,0.0,0.0,0.0
2025-08-20,72.3,60.2,0.142,0.0,11.0
2025-08-21,70.9,59.8,0.004,0.0,1.0
2025-08-22,80.3,59.0,0.0,0.0,0.0
2025-08-23,82.7,63.5,0.0,0.0,0.0
2025-08-24,79.5,64.0,0.008,0.0,2.0
2025-08-25,88.5,67.2,0.0,0.0,0.0
2025-08-26,80.9,63.8,0.0,0.0,0.0
2025-08-27,76.8,61.9,0.004,0.0,1.0
2025-08-28,80.6,59.9,0.0,0.0,0.0
2025-08-29,81.2,64.7,0.0,0.0,0.0
2025-08-30,78.0,57.6,0.0,0.0,0.0
2025-08-31,81.1,58.8,0.0,0.0,0.0
2025-09-01,78.8,61.6,0.0,0.0,0.0
2025-09-02,80.4,61.8,0.0,0.0,0.0
2025-09-03,80.6,60.3,0.0,0.0,0.0
2025-09-04,77.8,61.4,0.22,0.0,9.0
2025-09-05,83.0,65.4,0.098,0.0,3.0
2025-09-06,86.3,65.7,0.933,0.0,12.0
2025-09-07,69.2,62.1,0.827,0.0,14.0
2025-09-08,70.7,55.7,0.0,0.0,0.0
2025-09-09,71.1,55.8,0.0,0.0,0.0
2025-09-10,69.1,59.3,0.126,0.0,5.0
2025-09-11,79.6,59.6,0.0,0.0,0.0
2025-09-12,80.3,61.2,0.0,0.0,0.0
2025-09-13,80.6,62.0,0.004,0.0,1.0
2025-09-14,85.0,63.1,0.0,0.0,0.0
2025-09-15,82.3,64.4,0.0,0.0,0.0
2025-09-16,75.7,63.4,0.0,0.0,0.0
2025-09-17,70.7,62.7,0.157,0.0,9.0
2025-09-18,80.5,64.5,0.004,0.0,1.0
2025-09-19,81.9,64.8,0.0,0.0,0.0
2025-09-20,73.7,57.7,0.0,0.0,0.0
2025-09-21,72.1,57.5,0.0,0.0,0.0
2025-09-22,72.9,53.9,0.0,0.0,0.0
2025-09-23,84.5,62.2,0.366,0.0,7.0
2025-09-24,79.1,65.2,0.189,0.0,6.0
2025-09-25,74.9,67.6,2.004,0.0,18.0
2025-09-26,79.2,65.5,0.0,0.0,0.0
2025-09-27,75.7,62.3,0.016,0.0,2.0
2025-09-28,82.2,63.8,0.028,0.0,1.0
2025-09-29,75.0,62.8,0.0,0.0,0.0
2025-09-30,77.7,62.6,0.0,0.0,0.0
2025-10-01,68.5,53.5,0.0,0.0,0.0
2025-10-02,66.2,49.4,0.0,0.0,0.0
2025-10-03,72.1,48.9,0.0,0.0,0.0
2025-10-04,81.6,54.4,0.0,0.0,0.0
2025-10-05,85.3,59.0,0.0,0.0,0.0
2025-10-06,81.1,59.4,0.0,0.0,0.0
2025-10-07,81.0,62.9,0.0,0.0,0.0
2025-10-08,70.6,56.0,0.272,0.0,11.0
2025-10-09,58.5,46.8,0.0,0.0,0.0
2025-10-10,61.3,41.1,0.0,0.0,0.0
2025-10-11,66.0,50.8,0.047,0.0,4.0
2025-10-12,61.8,55.4,0.63,0.0,14.0
2025-10-13,58.3,53.9,1.213,0.0,17.0
2025-10-14,60.8,53.9,0.016,0.0,4.0
2025-10-15,67.6,52.4,0.0,0.0,0.0
2025-10-16,59.4,45.0,0.0,0.0,0.0
2025-10-17,62.6,45.0,0.0,0.0,0.0
2025-10-18,63.6,43.8,0.0,0.0,0.0
2025-10-19,69.4,49.8,0.0,0.0,0.0
2025-10-20,67.8,53.2,0.276,0.0,11.0
2025-10-21,66.5,46.9,0.039,0.0,2.0
2025-10-22,61.9,51.3,0.087,0.0,7.0
2025-10-23,58.7,47.3,0.0,0.0,0.0
2025-10-24,59.1,43.3,0.0,0.0,0.0
2025-10-25,57.9,43.1,0.0,0.0,0.0
2025-10-26,58.0,45.1,0.0,0.0,0.0
2025-10-27,55.2,38.8,0.0,0.0,0.0
2025-10-28,54.8,39.7,0.0,0.0,0.0
2025-10-29,57.5,45.0,0.0,0.0,0.0
2025-10-30,61.2,51.0,1.661,0.0,22.0
2025-10-31,56.8,50.0,0.0,0.0,0.0
2025-11-01,57.8,45.8,0.0,0.0,0.0
2025-11-02,58.5,39.6,0.0,0.0,0.0
2025-11-03,56.9,43.2,0.0,0.0,0.0
2025-11-04,58.4,46.0,0.0,0.0,0.0
2025-11-05,64.0,40.3,0.039,0.0,2.0
2025-11-06,54.3,40.5,0.0,0.0,0.0
2025-11-07,59.0,34.8,0.0,0.0,0.0
2025-11-08,64.7,52.0,0.244,0.0,8.0
2025-11-09,61.2,47.0,0.012,0.0,3.0
2025-11-10,56.4,35.1,0.516,0.0,12.0
2025-11-11,39.8,33.4,0.024,0.193,4.0
2025-11-12,48.1,36.0,0.004,0.0,1.0
2025-11-13,50.6,41.1,0.008,0.0,2.0
2025-11-14,49.8,37.5,0.0,0.0,0.0
2025-11-15,47.9,34.2,0.173,0.0,1.0
2025-11-16,54.9,38.8,0.004,0.0,1.0
2025-11-17,42.8,34.5,0.004,0.0,1.0
2025-11-18,45.8,33.8,0.0,0.0,0.0
2025-11-19,46.8,35.4,0.142,0.138,9.0
2025-11-20,45.9,32.2,0.0,0.0,0.0
2025-11-21,51.3,37.0,0.0,0.0,0.0
2025-11-22,51.4,38.2,0.224,0.0,10.0
2025-11-23,45.4,30.6,0.0,0.0,0.0
2025-11-24,52.2,39.5,0.0,0.0,0.0
2025-11-25,55.4,37.2,0.516,0.0,9.0
2025-11-26,59.4,50.5,0.059,0.0,4.0
2025-11-27,48.5,35.6,0.0,0.0,0.0
2025-11-28,42.1,32.5,0.0,0.0,0.0
2025-11-29,42.3,32.2,0.0,0.0,0.0
2025-11-30,40.7,32.1,0.11,0.0,7.0
2025-12-01,42.9,30.8,0.0,0.0,0.0
2025-12-02,37.3,29.8,0.673,0.165,11.0
2025-12-03,39.6,29.8,0.0,0.0,0.0
2025-12-04,41.6,23.7,0.004,0.028,1.0
2025-12-05,30.0,19.6,0.0,0.0,0.0
2025-12-06,40.1,29.1,0.012,0.055,3.0
2025-12-07,40.8,29.5,0.0,0.0,0.0
2025-12-08,35.4,22.4,0.0,0.0,0.0
2025-12-09,31.5,18.7,0.0,0.0,0.0
2025-12-10,43.1,31.0,0.118,0.0,7.0
2025-12-11,39.0,27.7,0.0,0.0,0.0
2025-12-12,34.5,23.0,0.0,0.0,0.0
2025-12-13,38.2,24.4,0.035,0.248,5.0
2025-12-14,32.6,17.5,0.425,3.004,13.0
2025-12-15,26.8,16.9,0.0,0.0,0.0
2025-12-16,28.0,17.3,0.0,0.0,0.0
2025-12-17,40.3,20.8,0.0,0.0,0.0
2025-12-18,45.3,25.0,0.0,0.0,0.0
2025-12-19,57.3,29.9,1.0,0.0,14.0
2025-12-20,36.6,28.4,0.0,0.0,0.0
2025-12-21,45.8,28.0,0.0,0.0,0.0
2025-12-22,37.4,27.1,0.0,0.0,0.0
2025-12-23,36.8,32.6,0.134,0.717,12.0
2025-12-24,45.0,29.9,0.0,0.0,0.0
2025-12-25,46.6,27.0,0.0,0.0,0.0
2025-12-26,27.0,20.9,0.295,2.012,7.0
2025-12-27,30.6,17.8,0.177,1.185,11.0
2025-12-28,34.3,11.4,0.035,0.0,3.0
2025-12-29,45.0,28.5,0.15,0.0,7.0
2025-12-30,31.5,26.1,0.0,0.0,0.0
2025-12-31,31.8,25.6,0.0,0.0,0.0
2026-01-01,33.1,19.4,0.067,0.469,4.0
2026-01-02,29.0,19.6,0.012,0.083,3.0
2026-01-03,30.6,20.0,0.0,0.0,0.0
2026-01-04,33.6,24.4,0.012,0.083,3.0
2026-01-05,33.6,23.1,0.035,0.248,2.0
2026-01-06,38.7,28.4,0.012,0.0,1.0
2026-01-07,47.6,33.7,0.008,0.0,2.0
